有價證券代號及名稱,類別,國際證券辨識號碼(ISIN Code),上市日,市場別,產業別,CFICode,備註
4415, 台原藥,管理股票 ,TW0004415005,2017/11/21,上櫃,食品工業,ESVUFR,
006201, 元大富櫃50,ETF ,TW0000062017,2011/1/27,上櫃,,CEOGEU,
00679B, 元大美債20年,ETF ,TW00000679B0,2017/1/17,上櫃,,CEOIBU,
00687B, 國泰20年美債,ETF ,TW00000687B3,2017/4/13,上櫃,,CEOJBU,
00694B, 富邦美債1-3年,ETF ,TW00000694B9,2017/6/8,上櫃,,CEOGBU,
00695B, 富邦美債7-10年,ETF ,TW00000695B6,2017/6/8,上櫃,,CEOGBU,
00696B, 富邦美債20年,ETF ,TW00000696B4,2017/6/8,上櫃,,CEOGBU,
00697B, 元大美債7-10,ETF ,TW00000697B2,2017/6/23,上櫃,,CEOGBU,
00718B, 富邦中國政策債,ETF ,TW00000718B6,2018/2/8,上櫃,,CEOGBU,
00719B, 元大美債1-3,ETF ,TW00000719B4,2018/2/1,上櫃,,CEOJBU,
00720B, 元大投資級公司債,ETF ,TW00000720B2,2018/2/1,上櫃,,CEOJBU,
00721B, 元大中國債3-5,ETF ,TW00000721B0,2018/2/1,上櫃,,CEOJBU,
00722B, 群益15年IG電信債,ETF ,TW00000722B8,2017/12/15,上櫃,,CEOIBU,
00723B, 群益15年IG科技債,ETF ,TW00000723B6,2017/12/15,上櫃,,CEOIBU,
00724B, 群益10年IG金融債,ETF ,TW00000724B4,2017/12/15,上櫃,,CEOIBU,
00725B, 國泰投資級公司債,ETF ,TW00000725B1,2018/2/7,上櫃,,CEOJBU,
00726B, 國泰5Y+新興債,ETF ,TW00000726B9,2018/2/7,上櫃,,CEOJBU,
00727B, 國泰1-5Y高收債,ETF ,TW00000727B7,2018/2/7,上櫃,,CEOIBU,
1258, 其祥-KY,股票 ,KYG522401010,2011/12/12,上櫃,食品工業,ESVUFR,
1259, 安心,股票 ,TW0001259000,2011/12/15,上櫃,觀光事業,ESVUFR,
1264, 德麥,股票 ,TW0001264000,2015/4/9,上櫃,食品工業,ESVUFR,
1268, 漢來美食,股票 ,TW0001268001,2017/9/27,上櫃,觀光事業,ESVUFR,
1333, 恩得利,股票 ,TW0001333003,2005/8/8,上櫃,電子零組件業,ESVUFR,
1336, 台翰,股票 ,TW0001336006,2007/11/2,上櫃,電子零組件業,ESVUFR,
1565, 精華,股票 ,TW0001565000,2004/3/30,上櫃,生技醫療業,ESVUFR,
1566, 捷邦,股票 ,TW0001566008,2011/1/12,上櫃,電機機械,ESVUFR,
1569, 濱川,股票 ,TW0001569002,2005/7/29,上櫃,電腦及週邊設備業,ESVUFR,
1570, 力肯,股票 ,TW0001570000,2005/6/30,上櫃,電機機械,ESVUFR,
1580, 新麥,股票 ,TW0001580009,2007/12/10,上櫃,電機機械,ESVUFR,
1584, 精剛,股票 ,TW0001584001,2007/11/28,上櫃,其他業,ESVUFR,
1586, 和勤,股票 ,TW0001586006,2012/1/9,上櫃,電機機械,ESVUFR,
1591, 駿吉-KY,股票 ,KYG4782L1023,2012/3/23,上櫃,電機機械,ESVUFR,
1593, 祺驊,股票 ,TW0001593002,2012/6/13,上櫃,生技醫療業,ESVUFR,
1595, 川寶,股票 ,TW0001595007,2011/10/4,上櫃,電子零組件業,ESVUFR,
1597, 直得,股票 ,TW0001597003,2012/12/28,上櫃,電機機械,ESVUFR,
1599, 宏佳騰,股票 ,TW0001599009,2012/12/25,上櫃,電機機械,ESVUFR,
1742, 台蠟,股票 ,TW0001742005,2004/5/14,上櫃,化學工業,ESVUFR,
1752, 南光,股票 ,TW0001752004,2009/8/10,上櫃,生技醫療業,ESVUFR,
1777, 生泰,股票 ,TW0001777001,2005/10/19,上櫃,生技醫療業,ESVUFR,
1781, 合世,股票 ,TW0001781003,2004/12/24,上櫃,生技醫療業,ESVUFR,
1784, 訊聯,股票 ,TW0001784007,2007/7/26,上櫃,生技醫療業,ESVUFR,
1785, 光洋科,股票 ,TW0001785004,2005/1/31,上櫃,其他電子業,ESVUFR,
1787, 福盈科,股票 ,TW0001787000,2005/4/22,上櫃,化學工業,ESVUFR,
1788, 杏昌,股票 ,TW0001788008,2009/7/20,上櫃,生技醫療業,ESVUFR,
1795, 美時,股票 ,TW0001795003,2010/1/29,上櫃,生技醫療業,ESVUFR,
1796, 金穎生技,股票 ,TW0001796001,2018/1/22,上櫃,食品工業,ESVUFR,
1799, 易威,股票 ,TW0001799005,2008/11/10,上櫃,生技醫療業,ESVUFR,
1813, 寶利徠,股票 ,TW0001813004,2009/8/4,上櫃,生技醫療業,ESVUFR,
1815, 富喬,股票 ,TW0001815009,2006/1/23,上櫃,電子零組件業,ESVUFR,
2035, 唐榮,股票 ,TW0002035003,2006/7/7,上櫃,鋼鐵工業,ESVUFR,
2061, 風青,股票 ,TW0002061009,2010/12/9,上櫃,電器電纜,ESVUFR,
2063, 世鎧,股票 ,TW0002063005,2010/9/7,上櫃,鋼鐵工業,ESVUFR,
2064, 晉椿,股票 ,TW0002064003,2014/12/26,上櫃,鋼鐵工業,ESVUFR,
2065, 世豐,股票 ,TW0002065000,2017/4/21,上櫃,鋼鐵工業,ESVUFR,
2066, 世德,股票 ,TW0002066008,2013/9/24,上櫃,電機機械,ESVUFR,
2067, 嘉鋼,股票 ,TW0002067006,2014/5/26,上櫃,電機機械,ESVUFR,
2221, 大甲,股票 ,TW0002221009,2007/8/1,上櫃,其他業,ESVUFR,
2230, 泰茂,股票 ,TW0002230000,2013/4/18,上櫃,電機機械,ESVUFR,
2233, 宇隆,股票 ,TW0002233004,2011/11/14,上櫃,電機機械,ESVUFR,
2235, 謚源,股票 ,TW0002235009,2014/12/15,上櫃,電機機械,ESVUFR,
2596, 綠意,股票 ,TW0002596004,2009/6/1,上櫃,建材營造業,ESVUFR,
2640, 大車隊,股票 ,TW0002640000,2012/11/7,上櫃,其他業,ESVUFR,
2641, 正德,股票 ,TW0002641008,2014/10/9,上櫃,航運業,ESVUFR,
2643, 捷迅,股票 ,TW0002643004,2016/3/4,上櫃,航運業,ESVUFR,
2718, 晶悅,股票 ,TW0002718004,2011/3/29,上櫃,觀光事業,ESVUFR,
2719, 燦星旅,股票 ,TW0002719002,2012/2/24,上櫃,觀光事業,ESVUFR,
2724, 富驛-KY,股票 ,KYG3704Y1017,2012/5/29,上櫃,觀光事業,ESVUFR,
2726, 雅茗-KY,股票 ,KYG988361021,2014/12/24,上櫃,觀光事業,ESVUFR,
2729, 瓦城,股票 ,TW0002729001,2012/9/17,上櫃,觀光事業,ESVUFR,
2732, 六角,股票 ,TW0002732005,2015/1/20,上櫃,觀光事業,ESVUFR,
2734, 易飛網,股票 ,TW0002734001,2013/12/26,上櫃,觀光事業,ESVUFR,
2736, 高野,股票 ,TW0002736006,2016/1/6,上櫃,觀光事業,ESVUFR,
2740, 天蔥,股票 ,TW0002740008,2015/12/24,上櫃,觀光事業,ESVUFR,
2916, 滿心,股票 ,TW0002916004,2005/3/10,上櫃,貿易百貨業,ESVUFR,
2924, 東凌-KY,股票 ,KYG198691092,2011/12/2,上櫃,貿易百貨業,ESVUFR,
2926, 誠品生活,股票 ,TW0002926003,2013/1/30,上櫃,文化創意業,ESVUFR,
2928, 紅馬-KY,股票 ,KYG7448A1058,2016/1/27,上櫃,觀光事業,ESVUFR,
2937, 集雅社,股票 ,TW0002937000,2017/6/8,上櫃,貿易百貨業,ESVUFR,
3064, 泰偉,股票 ,TW0003064002,2004/6/9,上櫃,其他電子業,ESVUFR,
3066, 李洲,股票 ,TW0003066007,2004/12/2,上櫃,光電業,ESVUFR,
3067, 全域,股票 ,TW0003067005,2003/10/21,上櫃,其他電子業,ESVUFR,
3068, 美磊,股票 ,TW0003068003,2008/5/2,上櫃,通信網路業,ESVUFR,
3071, 協禧,股票 ,TW0003071007,2004/12/30,上櫃,電腦及週邊設備業,ESVUFR,
3073, 凱柏實業,股票 ,TW0003073003,2007/10/8,上櫃,半導體業,ESVUFR,
3078, 僑威,股票 ,TW0003078002,2005/1/31,上櫃,電子零組件業,ESVUFR,
3081, 聯亞,股票 ,TW0003081006,2015/7/22,上櫃,通信網路業,ESVUFR,
3083, 網龍,股票 ,TW0003083002,2003/12/2,上櫃,資訊服務業,ESVUFR,
3085, 新零售,股票 ,TW0003085007,2004/3/1,上櫃,資訊服務業,ESVUFR,
3086, 華義,股票 ,TW0003086005,2004/3/29,上櫃,文化創意業,ESVUFR,
3088, 艾訊,股票 ,TW0003088001,2005/4/28,上櫃,電腦及週邊設備業,ESVUFR,
3089, 遠昇,股票 ,TW0003089009,2003/10/14,上櫃,電子零組件業,ESVUFR,
3092, 鴻碩,股票 ,TW0003092003,2010/5/11,上櫃,電子零組件業,ESVUFR,
3093, 港建,股票 ,TW0003093001,2005/6/17,上櫃,其他電子業,ESVUFR,
3095, 及成,股票 ,TW0003095006,2005/5/26,上櫃,通信網路業,ESVUFR,
3105, 穩懋,股票 ,TW0003105003,2011/12/13,上櫃,半導體業,ESVUFR,
3114, 好德,股票 ,TW0003114005,2004/3/25,上櫃,電子零組件業,ESVUFR,
3115, 寶島極,股票 ,TW0003115002,2005/4/8,上櫃,電子零組件業,ESVUFR,
3118, 進階,股票 ,TW0003118006,2008/5/21,上櫃,生技醫療業,ESVUFR,
3122, 笙泉,股票 ,TW0003122008,2015/1/26,上櫃,半導體業,ESVUFR,
3128, 昇銳,股票 ,TW0003128005,2006/9/4,上櫃,光電業,ESVUFR,
3131, 弘塑,股票 ,TW0003131009,2011/1/17,上櫃,其他電子業,ESVUFR,
3141, 晶宏,股票 ,TW0003141008,2014/3/14,上櫃,半導體業,ESVUFR,
3144, 新揚科,股票 ,TW0003144002,2004/12/24,上櫃,電子零組件業,ESVUFR,
3152, 璟德,股票 ,TW0003152005,2008/3/24,上櫃,通信網路業,ESVUFR,
3162, 精確,股票 ,TW0003162004,2005/10/3,上櫃,電機機械,ESVUFR,
3163, 波若威,股票 ,TW0003163002,2012/12/3,上櫃,通信網路業,ESVUFR,
3169, 亞信,股票 ,TW0003169009,2009/11/24,上櫃,半導體業,ESVUFR,
3171, 新洲,股票 ,TW0003171005,2004/9/17,上櫃,貿易百貨業,ESVUFR,
3176, 基亞,股票 ,TW0003176004,2011/11/23,上櫃,生技醫療業,ESVUFR,
3188, 鑫龍騰,股票 ,TW0003188009,2004/3/17,上櫃,半導體業,ESVUFR,
3191, 和進,股票 ,TW0003191003,2005/4/12,上櫃,電子零組件業,ESVUFR,
3202, 樺晟,股票 ,TW0003202008,2005/7/26,上櫃,電子零組件業,ESVUFR,
3205, 佰研,股票 ,TW0003205001,2005/9/12,上櫃,生技醫療業,ESVUFR,
3206, 志豐,股票 ,TW0003206009,2007/2/8,上櫃,電子零組件業,ESVUFR,
3207, 耀勝,股票 ,TW0003207007,2004/11/4,上櫃,電子零組件業,ESVUFR,
3211, 順達,股票 ,TW0003211009,2004/11/8,上櫃,電腦及週邊設備業,ESVUFR,
3213, 茂訊,股票 ,TW0003213005,2004/10/1,上櫃,電腦及週邊設備業,ESVUFR,
3217, 優群,股票 ,TW0003217006,2004/4/30,上櫃,電子零組件業,ESVUFR,
3218, 大學光,股票 ,TW0003218004,2004/11/29,上櫃,生技醫療業,ESVUFR,
3219, 倚強,股票 ,TW0003219002,2004/3/19,上櫃,半導體業,ESVUFR,
3221, 台嘉碩,股票 ,TW0003221008,2006/2/22,上櫃,通信網路業,ESVUFR,
3224, 三顧,股票 ,TW0003224002,2004/6/3,上櫃,電子通路業,ESVUFR,
3226, 至寶電,股票 ,TW0003226007,2004/6/16,上櫃,電機機械,ESVUFR,
3227, 原相,股票 ,TW0003227005,2006/5/4,上櫃,半導體業,ESVUFR,
3228, 金麗科,股票 ,TW0003228003,2005/3/2,上櫃,半導體業,ESVUFR,
3230, 錦明,股票 ,TW0003230009,2006/9/25,上櫃,光電業,ESVUFR,
3232, 昱捷,股票 ,TW0003232005,2004/11/1,上櫃,電子通路業,ESVUFR,
3234, 光環,股票 ,TW0003234001,2011/3/24,上櫃,通信網路業,ESVUFR,
3236, 千如,股票 ,TW0003236006,2004/12/2,上櫃,電子零組件業,ESVUFR,
3252, 海灣,股票 ,TW0003252003,2004/9/23,上櫃,其他業,ESVUFR,
3259, 鑫創,股票 ,TW0003259008,2007/12/24,上櫃,半導體業,ESVUFR,
3260, 威剛,股票 ,TW0003260006,2004/10/8,上櫃,半導體業,ESVUFR,
3264, 欣銓,股票 ,TW0003264008,2005/1/5,上櫃,半導體業,ESVUFR,
3265, 台星科,股票 ,TW0003265005,2005/8/2,上櫃,半導體業,ESVUFR,
3268, 海德威,股票 ,TW0003268009,2005/1/27,上櫃,半導體業,ESVUFR,
3272, 東碩,股票 ,TW0003272001,2014/8/26,上櫃,電腦及週邊設備業,ESVUFR,
3276, 宇環,股票 ,TW0003276002,2005/1/12,上櫃,電子零組件業,ESVUFR,
3284, 太普高,股票 ,TW0003284006,2005/3/22,上櫃,其他業,ESVUFR,
3285, 微端,股票 ,TW0003285003,2012/7/23,上櫃,其他電子業,ESVUFR,
3287, 廣寰科,股票 ,TW0003287009,2008/1/28,上櫃,電腦及週邊設備業,ESVUFR,
3288, 點晶,股票 ,TW0003288007,2005/4/15,上櫃,電子零組件業,ESVUFR,
3289, 宜特,股票 ,TW0003289005,2004/12/28,上櫃,其他電子業,ESVUFR,
3290, 東浦,股票 ,TW0003290003,2005/5/19,上櫃,通信網路業,ESVUFR,
3293, 鈊象,股票 ,TW0003293007,2006/7/12,上櫃,資訊服務業,ESVUFR,
3294, 英濟,股票 ,TW0003294005,2007/4/27,上櫃,電子零組件業,ESVUFR,
3297, 杭特,股票 ,TW0003297008,2005/6/7,上櫃,光電業,ESVUFR,
3299, 帛漢,股票 ,TW0003299004,2005/7/29,上櫃,通信網路業,ESVUFR,
3303, 岱稜,股票 ,TW0003303004,2007/5/28,上櫃,化學工業,ESVUFR,
3306, 鼎天,股票 ,TW0003306007,2005/7/5,上櫃,通信網路業,ESVUFR,
3310, 佳穎,股票 ,TW0003310009,2008/6/27,上櫃,電子零組件業,ESVUFR,
3313, 斐成,股票 ,TW0003313003,2006/5/29,上櫃,電子零組件業,ESVUFR,
3317, 尼克森,股票 ,TW0003317004,2007/8/9,上櫃,半導體業,ESVUFR,
3322, 建舜電,股票 ,TW0003322004,2009/5/20,上櫃,電子零組件業,ESVUFR,
3323, 加百裕,股票 ,TW0003323002,2007/6/25,上櫃,電腦及週邊設備業,ESVUFR,
3324, 雙鴻,股票 ,TW0003324000,2005/5/13,上櫃,其他電子業,ESVUFR,
3325, 旭品,股票 ,TW0003325007,2005/8/15,上櫃,電腦及週邊設備業,ESVUFR,
3332, 幸康,股票 ,TW0003332003,2008/1/24,上櫃,電子零組件業,ESVUFR,
3339, 泰谷,股票 ,TW0003339008,2006/6/27,上櫃,光電業,ESVUFR,
3354, 律勝,股票 ,TW0003354007,2005/12/8,上櫃,電子零組件業,ESVUFR,
3360, 尚立,股票 ,TW0003360004,2006/6/6,上櫃,電子通路業,ESVUFR,
3362, 先進光,股票 ,TW0003362000,2005/9/6,上櫃,光電業,ESVUFR,
3363, 上詮,股票 ,TW0003363008,2011/2/25,上櫃,通信網路業,ESVUFR,
3372, 典範,股票 ,TW0003372009,2005/12/16,上櫃,半導體業,ESVUFR,
3373, 熱映,股票 ,TW0003373007,2007/12/13,上櫃,其他電子業,ESVUFR,
3374, 精材,股票 ,TW0003374005,2015/3/30,上櫃,半導體業,ESVUFR,
3379, 彬台,股票 ,TW0003379004,2011/10/20,上櫃,電機機械,ESVUFR,
3388, 崇越電,股票 ,TW0003388005,2006/2/22,上櫃,電子零組件業,ESVUFR,
3390, 旭軟,股票 ,TW0003390001,2006/2/22,上櫃,電子零組件業,ESVUFR,
3402, 漢科,股票 ,TW0003402004,2007/1/9,上櫃,其他電子業,ESVUFR,
3426, 台興,股票 ,TW0003426003,2016/12/21,上櫃,電機機械,ESVUFR,
3428, 光燿科,股票 ,TW0003428009,2012/5/9,上櫃,光電業,ESVUFR,
3431, 長天,股票 ,TW0003431003,2006/7/19,上櫃,通信網路業,ESVUFR,
3434, 哲固,股票 ,TW0003434007,2008/1/28,上櫃,光電業,ESVUFR,
3438, 類比科,股票 ,TW0003438008,2006/7/19,上櫃,半導體業,ESVUFR,
3441, 聯一光,股票 ,TW0003441002,2010/10/4,上櫃,光電業,ESVUFR,
3444, 利機,股票 ,TW0003444006,2008/9/26,上櫃,電子通路業,ESVUFR,
3452, 益通,股票 ,TW0003452009,2006/3/8,上櫃,光電業,ESVUFR,
3455, 由田,股票 ,TW0003455002,2007/12/27,上櫃,光電業,ESVUFR,
3465, 祥業,股票 ,TW0003465001,2008/1/28,上櫃,電子零組件業,ESVUFR,
3466, 致振,股票 ,TW0003466009,2006/5/17,上櫃,通信網路業,ESVUFR,
3479, 安勤,股票 ,TW0003479002,2010/6/8,上櫃,電腦及週邊設備業,ESVUFR,
3483, 力致,股票 ,TW0003483004,2006/12/18,上櫃,電腦及週邊設備業,ESVUFR,
3484, 崧騰,股票 ,TW0003484002,2007/11/9,上櫃,電子零組件業,ESVUFR,
3489, 森寶,股票 ,TW0003489001,2007/9/29,上櫃,建材營造業,ESVUFR,
3490, 單井,股票 ,TW0003490009,2007/10/15,上櫃,光電業,ESVUFR,
3491, 昇達科,股票 ,TW0003491007,2008/1/3,上櫃,通信網路業,ESVUFR,
3492, 長盛,股票 ,TW0003492005,2015/5/18,上櫃,電子零組件業,ESVUFR,
3498, 陽程,股票 ,TW0003498002,2007/9/11,上櫃,其他電子業,ESVUFR,
3499, 環天科,股票 ,TW0003499000,2006/10/19,上櫃,通信網路業,ESVUFR,
3508, 位速,股票 ,TW0003508008,2007/10/17,上櫃,其他電子業,ESVUFR,
3511, 矽瑪,股票 ,TW0003511002,2009/2/16,上櫃,電子零組件業,ESVUFR,
3512, 能緹,股票 ,TW0003512000,2007/7/25,上櫃,電子零組件業,ESVUFR,
3516, 亞帝歐,股票 ,TW0003516001,2007/11/29,上櫃,光電業,ESVUFR,
3520, 振維,股票 ,TW0003520003,2007/10/12,上櫃,電子零組件業,ESVUFR,
3521, 鴻翊,股票 ,TW0003521001,2007/8/7,上櫃,電腦及週邊設備業,ESVUFR,
3522, 宏森,股票 ,TW0003522009,2007/10/15,上櫃,光電業,ESVUFR,
3523, 迎輝,股票 ,TW0003523007,2007/11/16,上櫃,光電業,ESVUFR,
3526, 凡甲,股票 ,TW0003526000,2007/11/2,上櫃,電子零組件業,ESVUFR,
3527, 聚積,股票 ,TW0003527008,2007/10/29,上櫃,半導體業,ESVUFR,
3529, 力旺,股票 ,TW0003529004,2011/1/24,上櫃,半導體業,ESVUFR,
3531, 先益,股票 ,TW0003531000,2008/4/8,上櫃,光電業,ESVUFR,
3537, 堡達,股票 ,TW0003537007,2010/1/25,上櫃,電子零組件業,ESVUFR,
3540, 曜越,股票 ,TW0003540001,2007/12/12,上櫃,電腦及週邊設備業,ESVUFR,
3541, 西柏,股票 ,TW0003541009,2009/12/22,上櫃,其他電子業,ESVUFR,
3546, 宇峻,股票 ,TW0003546008,2008/4/18,上櫃,資訊服務業,ESVUFR,
3548, 兆利,股票 ,TW0003548004,2008/3/27,上櫃,電子零組件業,ESVUFR,
3551, 世禾,股票 ,TW0003551008,2008/4/15,上櫃,其他電子業,ESVUFR,
3552, 同致,股票 ,TW0003552006,2009/1/7,上櫃,其他電子業,ESVUFR,
3555, 重鳥鵬,股票 ,TW0003555009,2011/11/8,上櫃,半導體業,ESVUFR,
3556, 禾瑞亞,股票 ,TW0003556007,2008/4/15,上櫃,半導體業,ESVUFR,
3558, 神準,股票 ,TW0003558003,2013/12/30,上櫃,通信網路業,ESVUFR,
3562, 頂晶科,股票 ,TW0003562005,2008/6/17,上櫃,光電業,ESVUFR,
3563, 牧德,股票 ,TW0003563003,2011/1/5,上櫃,其他電子業,ESVUFR,
3564, 其陽,股票 ,TW0003564001,2013/12/3,上櫃,通信網路業,ESVUFR,
3567, 逸昌,股票 ,TW0003567004,2010/11/22,上櫃,半導體業,ESVUFR,
3570, 大塚,股票 ,TW0003570008,2008/10/23,上櫃,資訊服務業,ESVUFR,
3577, 泓格,股票 ,TW0003577003,2009/1/6,上櫃,電腦及週邊設備業,ESVUFR,
3580, 友威科,股票 ,TW0003580007,2010/7/9,上櫃,其他電子業,ESVUFR,
3581, 博磊,股票 ,TW0003581005,2015/1/20,上櫃,半導體業,ESVUFR,
3587, 閎康,股票 ,TW0003587002,2009/8/18,上櫃,其他電子業,ESVUFR,
3594, 磐儀,股票 ,TW0003594008,2013/5/7,上櫃,電腦及週邊設備業,ESVUFR,
3609, 東林,股票 ,TW0003609004,2011/1/11,上櫃,電子零組件業,ESVUFR,
3611, 鼎翰,股票 ,TW0003611000,2008/11/26,上櫃,電腦及週邊設備業,ESVUFR,
3615, 安可,股票 ,TW0003615001,2009/4/15,上櫃,光電業,ESVUFR,
3623, 富晶通,股票 ,TW0003623005,2010/4/28,上櫃,光電業,ESVUFR,
3624, 光頡,股票 ,TW0003624003,2011/3/16,上櫃,電子零組件業,ESVUFR,
3625, 西勝,股票 ,TW0003625000,2009/10/28,上櫃,電腦及週邊設備業,ESVUFR,
3628, 盈正,股票 ,TW0003628004,2010/9/9,上櫃,其他電子業,ESVUFR,
3629, 群富通,股票 ,TW0003629002,2010/5/27,上櫃,光電業,ESVUFR,
3630, 新鉅科,股票 ,TW0003630000,2010/4/26,上櫃,光電業,ESVUFR,
3631, 晟楠,股票 ,TW0003631008,2010/12/20,上櫃,電子零組件業,ESVUFR,
3632, 研勤,股票 ,TW0003632006,2011/1/11,上櫃,通信網路業,ESVUFR,
3642, 駿熠電,股票 ,TW0003642005,2011/9/29,上櫃,其他電子業,ESVUFR,
3646, 艾恩特,股票 ,TW0003646006,2012/3/27,上櫃,電子零組件業,ESVUFR,
3652, 精聯,股票 ,TW0003652004,2009/8/27,上櫃,電腦及週邊設備業,ESVUFR,
3663, 鑫科,股票 ,TW0003663001,2012/11/20,上櫃,其他電子業,ESVUFR,
3664, 安瑞-KY,股票 ,KYG0550W1069,2010/6/24,上櫃,通信網路業,ESVUFR,
3666, 光耀,股票 ,TW0003666004,2014/12/4,上櫃,光電業,ESVUFR,
3672, 康聯訊,股票 ,TW0003672002,2015/4/20,上櫃,通信網路業,ESVUFR,
3675, 德微,股票 ,TW0003675005,2012/6/29,上櫃,半導體業,ESVUFR,
3680, 家登,股票 ,TW0003680005,2011/8/31,上櫃,半導體業,ESVUFR,
3684, 榮昌,股票 ,TW0003684007,2014/3/28,上櫃,通信網路業,ESVUFR,
3685, 元創精密,股票 ,TW0003685004,2010/12/8,上櫃,光電業,ESVUFR,
3687, 歐買尬,股票 ,TW0003687000,2011/1/11,上櫃,資訊服務業,ESVUFR,
3689, 湧德,股票 ,TW0003689006,2012/10/18,上櫃,電子零組件業,ESVUFR,
3691, 碩禾,股票 ,TW0003691002,2010/11/18,上櫃,光電業,ESVUFR,
3693, 營邦,股票 ,TW0003693008,2013/11/27,上櫃,電腦及週邊設備業,ESVUFR,
3707, 漢磊,股票 ,TW0003707006,2014/10/1,上櫃,半導體業,ESVUFR,
3709, 鑫聯大投控,股票 ,TW0003709002,1999/4/16,上櫃,電腦及週邊設備業,ESVUFR,
3710, 連展投控,股票 ,TW0003710000,2017/12/29,上櫃,電子零組件業,ESVUFR,
4102, 永日,股票 ,TW0004102009,2001/3/20,上櫃,生技醫療業,ESVUFR,
4103, 百略,股票 ,TW0004103007,2001/3/29,上櫃,生技醫療業,ESVUFR,
4105, 東洋,股票 ,TW0004105002,2001/9/27,上櫃,生技醫療業,ESVUFR,
4107, 邦特,股票 ,TW0004107008,2002/3/4,上櫃,生技醫療業,ESVUFR,
4109, 穆拉德加捷,股票 ,TW0004109004,2002/8/8,上櫃,生技醫療業,ESVUFR,
4111, 濟生,股票 ,TW0004111000,1999/3/6,上櫃,生技醫療業,ESVUFR,
4113, 聯上,股票 ,TW0004113006,2003/7/22,上櫃,建材營造業,ESVUFR,
4114, 健喬,股票 ,TW0004114004,2003/5/12,上櫃,生技醫療業,ESVUFR,
4116, 明基醫,股票 ,TW0004116009,2015/12/16,上櫃,生技醫療業,ESVUFR,
4120, 友華,股票 ,TW0004120001,2003/11/5,上櫃,生技醫療業,ESVUFR,
4121, 優盛,股票 ,TW0004121009,2003/7/25,上櫃,生技醫療業,ESVUFR,
4123, 晟德,股票 ,TW0004123005,2003/10/7,上櫃,生技醫療業,ESVUFR,
4126, 太醫,股票 ,TW0004126008,2004/2/9,上櫃,生技醫療業,ESVUFR,
4127, 天良,股票 ,TW0004127006,2005/7/29,上櫃,生技醫療業,ESVUFR,
4128, 中天,股票 ,TW0004128004,2006/6/9,上櫃,生技醫療業,ESVUFR,
4129, 聯合,股票 ,TW0004129002,2004/9/29,上櫃,生技醫療業,ESVUFR,
4130, 健亞,股票 ,TW0004130000,2012/1/12,上櫃,生技醫療業,ESVUFR,
4131, 晶宇,股票 ,TW0004131008,2004/4/9,上櫃,生技醫療業,ESVUFR,
4138, 曜亞,股票 ,TW0004138003,2010/12/29,上櫃,生技醫療業,ESVUFR,
4139, 馬光-KY,股票 ,KYG5831M1087,2011/4/29,上櫃,生技醫療業,ESVUFR,
4147, 中裕,股票 ,TW0004147004,2015/11/23,上櫃,生技醫療業,ESVUFR,
4152, 台微體,股票 ,TW0004152004,2012/12/21,上櫃,生技醫療業,ESVUFR,
4153, 鈺緯,股票 ,TW0004153002,2013/5/23,上櫃,生技醫療業,ESVUFR,
4154, 康樂-KY,股票 ,KYG527551082,2011/12/28,上櫃,生技醫療業,ESVUFR,
4157, 太景*-KY,股票 ,KYG866171005,2013/8/30,上櫃,生技醫療業,ESVUFR,
4160, 創源,股票 ,TW0004160007,2012/9/17,上櫃,生技醫療業,ESVUFR,
4161, 聿新科,股票 ,TW0004161005,2013/6/26,上櫃,生技醫療業,ESVUFR,
4162, 智擎,股票 ,TW0004162003,2012/9/18,上櫃,生技醫療業,ESVUFR,
4163, 鐿鈦,股票 ,TW0004163001,2012/11/15,上櫃,生技醫療業,ESVUFR,
4167, 展旺,股票 ,TW0004167002,2015/9/8,上櫃,生技醫療業,ESVUFR,
4168, 醣聯,股票 ,TW0004168000,2012/12/18,上櫃,生技醫療業,ESVUFR,
4171, 瑞基,股票 ,TW0004171004,2014/8/14,上櫃,生技醫療業,ESVUFR,
4173, 久裕,股票 ,TW0004173000,2013/10/31,上櫃,生技醫療業,ESVUFR,
4174, 浩鼎,股票 ,TW0004174008,2015/3/23,上櫃,生技醫療業,ESVUFR,
4175, 杏一,股票 ,TW0004175005,2014/4/23,上櫃,生技醫療業,ESVUFR,
4180, 安成藥,股票 ,TW0004180005,2013/12/3,上櫃,生技醫療業,ESVUFR,
4183, 福永生技,股票 ,TW0004183009,2017/3/9,上櫃,生技醫療業,ESVUFR,
4188, 安克,股票 ,TW0004188008,2015/3/24,上櫃,其他業,ESVUFR,
4192, 杏國,股票 ,TW0004192000,2014/10/28,上櫃,生技醫療業,ESVUFR,
4198, 環瑞醫,股票 ,TW0004198007,2014/12/23,上櫃,生技醫療業,ESVUFR,
4205, 中華食,股票 ,TW0004205000,1999/1/31,上櫃,食品工業,ESVUFR,
4207, 環泰,股票 ,TW0004207006,2000/1/21,上櫃,食品工業,ESVUFR,
4303, 信立,股票 ,TW0004303003,1999/3/10,上櫃,塑膠工業,ESVUFR,
4304, 勝昱,股票 ,TW0004304001,2000/1/27,上櫃,塑膠工業,ESVUFR,
4305, 世坤,股票 ,TW0004305008,2000/9/28,上櫃,塑膠工業,ESVUFR,
4401, 東隆興,股票 ,TW0004401005,1996/5/9,上櫃,紡織纖維,ESVUFR,
4402, 福大,股票 ,TW0004402003,1997/7/23,上櫃,紡織纖維,ESVUFR,
4406, 新昕纖,股票 ,TW0004406004,1999/1/14,上櫃,紡織纖維,ESVUFR,
4413, 飛寶企業,股票 ,TW0004413000,1999/7/29,上櫃,紡織纖維,ESVUFR,
4416, 三圓,股票 ,TW0004416003,2000/5/6,上櫃,建材營造業,ESVUFR,
4417, 金洲,股票 ,TW0004417001,2000/11/7,上櫃,紡織纖維,ESVUFR,
4419, 元勝,股票 ,TW0004419007,2001/6/26,上櫃,紡織纖維,ESVUFR,
4420, 光明,股票 ,TW0004420005,2002/4/18,上櫃,紡織纖維,ESVUFR,
4429, 聚紡,股票 ,TW0004429006,2010/9/15,上櫃,紡織纖維,ESVUFR,
4430, 耀億,股票 ,TW0004430004,2011/6/9,上櫃,其他業,ESVUFR,
4432, 銘旺實,股票 ,TW0004432000,2012/11/26,上櫃,紡織纖維,ESVUFR,
4433, 興采,股票 ,TW0004433008,2014/11/3,上櫃,紡織纖維,ESVUFR,
4502, 健信,股票 ,TW0004502000,1995/12/12,上櫃,電機機械,ESVUFR,
4503, 金雨,股票 ,TW0004503008,1996/12/19,上櫃,電機機械,ESVUFR,
4506, 崇友,股票 ,TW0004506001,1997/12/6,上櫃,電機機械,ESVUFR,
4510, 高鋒,股票 ,TW0004510003,1998/2/24,上櫃,電機機械,ESVUFR,
4513, 福裕,股票 ,TW0004513007,1998/3/25,上櫃,電機機械,ESVUFR,
4523, 永彰,股票 ,TW0004523006,1999/11/22,上櫃,電機機械,ESVUFR,
4527, 方土霖,股票 ,TW0004527007,2000/9/28,上櫃,電機機械,ESVUFR,
4528, 江興鍛,股票 ,TW0004528005,2001/2/12,上櫃,電機機械,ESVUFR,
4529, 淳紳,股票 ,TW0004529003,2001/5/4,上櫃,其他業,ESVUFR,
4530, 宏易,股票 ,TW0004530001,2001/4/30,上櫃,電機機械,ESVUFR,
4533, 協易機,股票 ,TW0004533005,2002/4/26,上櫃,電機機械,ESVUFR,
4534, 慶騰,股票 ,TW0004534003,2003/3/31,上櫃,電機機械,ESVUFR,
4535, 至興,股票 ,TW0004535000,2003/4/16,上櫃,電機機械,ESVUFR,
4541, 晟田,股票 ,TW0004541008,2014/7/22,上櫃,其他業,ESVUFR,
4542, 科嶠,股票 ,TW0004542006,2014/8/25,上櫃,電子零組件業,ESVUFR,
4543, 萬在,股票 ,TW0004543004,2016/3/15,上櫃,電機機械,ESVUFR,
4549, 桓達,股票 ,TW0004549001,2014/11/27,上櫃,電機機械,ESVUFR,
4550, 長佳,股票 ,TW0004550009,2015/3/18,上櫃,電機機械,ESVUFR,
4554, 橙的,股票 ,TW0004554001,2016/8/5,上櫃,其他電子業,ESVUFR,
4556, 旭然,股票 ,TW0004556006,2015/12/22,上櫃,其他業,ESVUFR,
4609, 唐鋒,股票 ,TW0004609003,2000/5/19,上櫃,電器電纜,ESVUFR,
4702, 中美實,股票 ,TW0004702006,1995/4/21,上櫃,化學工業,ESVUFR,
4706, 大恭,股票 ,TW0004706007,1998/4/17,上櫃,化學工業,ESVUFR,
4707, 磐亞,股票 ,TW0004707005,1998/5/20,上櫃,化學工業,ESVUFR,
4711, 永純,股票 ,TW0004711007,1999/2/24,上櫃,化學工業,ESVUFR,
4712, 南璋,股票 ,TW0004712005,1999/4/3,上櫃,食品工業,ESVUFR,
4714, 永捷,股票 ,TW0004714001,2000/3/27,上櫃,化學工業,ESVUFR,
4716, 大立,股票 ,TW0004716006,2000/3/27,上櫃,化學工業,ESVUFR,
4721, 美琪瑪,股票 ,TW0004721006,2001/3/9,上櫃,化學工業,ESVUFR,
4726, 永昕,股票 ,TW0004726005,2013/12/25,上櫃,生技醫療業,ESVUFR,
4728, 雙美,股票 ,TW0004728001,2012/1/10,上櫃,生技醫療業,ESVUFR,
4729, 熒茂,股票 ,TW0004729009,2009/2/24,上櫃,光電業,ESVUFR,
4735, 豪展,股票 ,TW0004735006,2011/8/16,上櫃,生技醫療業,ESVUFR,
4736, 泰博,股票 ,TW0004736004,2010/12/1,上櫃,生技醫療業,ESVUFR,
4741, 泓瀚,股票 ,TW0004741004,2017/9/26,上櫃,化學工業,ESVUFR,
4743, 合一,股票 ,TW0004743000,2011/9/23,上櫃,生技醫療業,ESVUFR,
4745, 合富-KY,股票 ,KYG248111042,2013/1/30,上櫃,生技醫療業,ESVUFR,
4747, 強生,股票 ,TW0004747001,2013/12/25,上櫃,生技醫療業,ESVUFR,
4754, 國碳科,股票 ,TW0004754007,2016/9/28,上櫃,化學工業,ESVUFR,
4803, VHQ-KY,股票 ,KYG9344G1038,2015/12/16,上櫃,文化創意業,ESVUFR,
4804, 大略-KY,股票 ,KYG2646C1024,2015/12/4,上櫃,觀光事業,ESVUFR,
4806, 昇華,股票 ,TW0004806005,2016/3/9,上櫃,文化創意業,ESVUFR,
4903, 聯光通,股票 ,TW0004903000,2001/5/14,上櫃,通信網路業,ESVUFR,
4905, 台聯電,股票 ,TW0004905005,2001/12/7,上櫃,通信網路業,ESVUFR,
4907, 富宇,股票 ,TW0004907001,2002/3/4,上櫃,建材營造業,ESVUFR,
4908, 前鼎,股票 ,TW0004908009,2002/2/27,上櫃,通信網路業,ESVUFR,
4909, 新復興,股票 ,TW0004909007,2002/11/28,上櫃,通信網路業,ESVUFR,
4911, 德英,股票 ,TW0004911003,2011/3/21,上櫃,生技醫療業,ESVUFR,
4924, 欣厚-KY,股票 ,KYG4642A1067,2011/10/18,上櫃,電腦及週邊設備業,ESVUFR,
4933, 友輝,股票 ,TW0004933007,2010/5/4,上櫃,光電業,ESVUFR,
4939, 亞電,股票 ,TW0004939004,2011/9/19,上櫃,電子零組件業,ESVUFR,
4944, 兆遠,股票 ,TW0004944004,2011/5/31,上櫃,光電業,ESVUFR,
4946, 辣椒,股票 ,TW0004946009,2011/6/10,上櫃,資訊服務業,ESVUFR,
4947, 昂寶-KY,股票 ,KYG675291002,2011/10/18,上櫃,半導體業,ESVUFR,
4950, 牧東,股票 ,TW0004950001,2012/4/27,上櫃,其他業,ESVUFR,
4953, 緯軟,股票 ,TW0004953005,2014/1/8,上櫃,資訊服務業,ESVUFR,
4965, 商店街,股票 ,TW0004965009,2011/4/6,上櫃,資訊服務業,ESVUFR,
4966, 譜瑞-KY,股票 ,KYG6892A1085,2011/9/13,上櫃,半導體業,ESVUFR,
4971, IET-KY,股票 ,KYG480071011,2013/7/24,上櫃,半導體業,ESVUFR,
4972, 湯石照明,股票 ,TW0004972005,2013/6/17,上櫃,光電業,ESVUFR,
4973, 廣穎,股票 ,TW0004973003,2012/6/19,上櫃,半導體業,ESVUFR,
4974, 亞泰,股票 ,TW0004974001,2011/11/29,上櫃,電子零組件業,ESVUFR,
4979, 華星光,股票 ,TW0004979000,2011/12/12,上櫃,通信網路業,ESVUFR,
4987, 科誠,股票 ,TW0004987003,2012/3/21,上櫃,電腦及週邊設備業,ESVUFR,
4991, 環宇-KY,股票 ,KYG377541019,2014/9/15,上櫃,半導體業,ESVUFR,
4995, 晶達,股票 ,TW0004995006,2012/5/9,上櫃,光電業,ESVUFR,
5009, 榮剛,股票 ,TW0005009005,1998/10/17,上櫃,鋼鐵工業,ESVUFR,
5011, 久陽,股票 ,TW0005011001,1999/5/6,上櫃,鋼鐵工業,ESVUFR,
5013, 強新,股票 ,TW0005013007,2000/5/8,上櫃,鋼鐵工業,ESVUFR,
5014, 建錩,股票 ,TW0005014005,2001/2/15,上櫃,鋼鐵工業,ESVUFR,
5015, 華祺,股票 ,TW0005015002,2000/12/15,上櫃,鋼鐵工業,ESVUFR,
5016, 松和,股票 ,TW0005016000,2001/3/5,上櫃,鋼鐵工業,ESVUFR,
5102, 富強,股票 ,TW0005102008,2000/10/27,上櫃,橡膠工業,ESVUFR,
5201, 凱衛,股票 ,TW0005201008,2000/10/12,上櫃,資訊服務業,ESVUFR,
5202, 力新,股票 ,TW0005202006,2000/10/18,上櫃,資訊服務業,ESVUFR,
5205, 漢康,股票 ,TW0005205009,2001/5/14,上櫃,資訊服務業,ESVUFR,
5206, 坤悅,股票 ,TW0005206007,2001/10/8,上櫃,建材營造業,ESVUFR,
5209, 新鼎,股票 ,TW0005209001,2002/2/25,上櫃,資訊服務業,ESVUFR,
5210, 寶碩,股票 ,TW0005210009,2002/4/25,上櫃,資訊服務業,ESVUFR,
5211, 蒙恬,股票 ,TW0005211007,2002/12/23,上櫃,資訊服務業,ESVUFR,
5212, 凌網,股票 ,TW0005212005,2003/3/24,上櫃,資訊服務業,ESVUFR,
5213, 亞昕,股票 ,TW0005213003,2003/4/24,上櫃,建材營造業,ESVUFR,
5227, 立凱-KY,股票 ,KYG0100G1064,2013/12/9,上櫃,電子零組件業,ESVUFR,
5230, 雷笛克光學,股票 ,TW0005230007,2012/6/5,上櫃,光電業,ESVUFR,
5245, 智晶,股票 ,TW0005245005,2015/5/25,上櫃,光電業,ESVUFR,
5251, 天鉞電,股票 ,TW0005251003,2012/11/26,上櫃,光電業,ESVUFR,
5255, 美桀,股票 ,TW0005255004,2014/7/25,上櫃,電子零組件業,ESVUFR,
5263, 智崴,股票 ,TW0005263008,2012/12/18,上櫃,文化創意業,ESVUFR,
5272, 笙科,股票 ,TW0005272009,2013/5/30,上櫃,半導體業,ESVUFR,
5274, 信驊,股票 ,TW0005274005,2013/4/30,上櫃,半導體業,ESVUFR,
5276, 達輝-KY,股票 ,KYG2743W1006,2014/6/12,上櫃,其他業,ESVUFR,
5278, 尚凡,股票 ,TW0005278006,2013/6/4,上櫃,資訊服務業,ESVUFR,
5281, 大峽谷-KY,股票 ,KYG853901059,2016/3/30,上櫃,光電業,ESVUFR,
5287, 數字,股票 ,TW0005287007,2014/1/20,上櫃,資訊服務業,ESVUFR,
5289, 宜鼎,股票 ,TW0005289003,2013/11/27,上櫃,電腦及週邊設備業,ESVUFR,
5291, 邑昇,股票 ,TW0005291009,2014/12/23,上櫃,電子零組件業,ESVUFR,
5299, 杰力,股票 ,TW0005299002,2018/1/23,上櫃,半導體業,ESVUFR,
5301, 寶得利,股票 ,TW0005301006,1990/6/25,上櫃,觀光事業,ESVUFR,
5302, 太欣,股票 ,TW0005302004,1991/1/17,上櫃,半導體業,ESVUFR,
5304, 鼎創達,股票 ,TW0005304000,1991/7/16,上櫃,電腦及週邊設備業,ESVUFR,
5306, 桂盟,股票 ,TW0005306005,1995/12/26,上櫃,其他業,ESVUFR,
5309, 系統電,股票 ,TW0005309009,1996/3/18,上櫃,電子零組件業,ESVUFR,
5310, 天剛,股票 ,TW0005310007,1996/4/9,上櫃,資訊服務業,ESVUFR,
5312, 寶島科,股票 ,TW0005312003,1996/5/25,上櫃,其他業,ESVUFR,
5314, 世紀,股票 ,TW0005314009,1996/9/16,上櫃,半導體業,ESVUFR,
5315, 光聯,股票 ,TW0005315006,1996/11/2,上櫃,光電業,ESVUFR,
5317, 凱美,股票 ,TW0005317002,1996/12/2,上櫃,電子零組件業,ESVUFR,
5321, 友銓,股票 ,TW0005321004,1996/12/30,上櫃,電子零組件業,ESVUFR,
5324, 士開,股票 ,TW0005324008,1997/1/30,上櫃,建材營造業,ESVUFR,
5328, 華容,股票 ,TW0005328009,1997/8/28,上櫃,電子零組件業,ESVUFR,
5340, 建榮,股票 ,TW0005340004,1998/1/20,上櫃,電子零組件業,ESVUFR,
5344, 立衛,股票 ,TW0005344006,1998/3/23,上櫃,半導體業,ESVUFR,
5345, 天揚,股票 ,TW0005345003,1998/3/23,上櫃,電子零組件業,ESVUFR,
5347, 世界,股票 ,TW0005347009,1998/3/25,上櫃,半導體業,ESVUFR,
5348, 系通,股票 ,TW0005348007,1998/4/29,上櫃,通信網路業,ESVUFR,
5349, 先豐,股票 ,TW0005349005,1998/6/25,上櫃,電子零組件業,ESVUFR,
5351, 鈺創,股票 ,TW0005351001,1998/5/15,上櫃,半導體業,ESVUFR,
5353, 台林,股票 ,TW0005353007,1998/5/18,上櫃,通信網路業,ESVUFR,
5355, 佳總,股票 ,TW0005355002,1998/6/23,上櫃,電子零組件業,ESVUFR,
5356, 協益,股票 ,TW0005356000,1998/7/20,上櫃,電腦及週邊設備業,ESVUFR,
5364, 力麗店,股票 ,TW0005364004,2013/8/26,上櫃,觀光事業,ESVUFR,
5371, 中光電,股票 ,TW0005371009,1999/1/20,上櫃,光電業,ESVUFR,
5381, 合正,股票 ,TW0005381008,1999/3/19,上櫃,電子零組件業,ESVUFR,
5383, 金利精密,股票 ,TW0005383004,1999/4/14,上櫃,其他電子業,ESVUFR,
5386, 青雲,股票 ,TW0005386007,1999/5/13,上櫃,電腦及週邊設備業,ESVUFR,
5392, 應華,股票 ,TW0005392005,1999/6/14,上櫃,光電業,ESVUFR,
5398, 慕康生醫,股票 ,TW0005398002,1999/10/11,上櫃,電子零組件業,ESVUFR,
5403, 中菲,股票 ,TW0005403000,1999/10/15,上櫃,資訊服務業,ESVUFR,
5410, 國眾,股票 ,TW0005410005,1999/11/26,上櫃,資訊服務業,ESVUFR,
5425, 台半,股票 ,TW0005425003,2000/2/21,上櫃,半導體業,ESVUFR,
5426, 振發,股票 ,TW0005426001,2000/2/9,上櫃,電腦及週邊設備業,ESVUFR,
5432, 達威,股票 ,TW0005432009,2000/3/21,上櫃,光電業,ESVUFR,
5438, 東友,股票 ,TW0005438006,2000/6/17,上櫃,電腦及週邊設備業,ESVUFR,
5439, 高技,股票 ,TW0005439004,2000/6/26,上櫃,電子零組件業,ESVUFR,
5443, 均豪,股票 ,TW0005443006,1998/2/9,上櫃,光電業,ESVUFR,
5450, 寶聯通,股票 ,TW0005450001,2000/8/22,上櫃,電腦及週邊設備業,ESVUFR,
5452, 佶優,股票 ,TW0005452007,2000/10/2,上櫃,其他電子業,ESVUFR,
5455, 昇益,股票 ,TW0005455000,2000/10/19,上櫃,半導體業,ESVUFR,
5457, 宣德,股票 ,TW0005457006,2000/9/29,上櫃,電子零組件業,ESVUFR,
5460, 同協,股票 ,TW0005460000,2000/9/28,上櫃,電子零組件業,ESVUFR,
5464, 霖宏,股票 ,TW0005464002,2000/11/8,上櫃,電子零組件業,ESVUFR,
5465, 富驊,股票 ,TW0005465009,2000/11/8,上櫃,電腦及週邊設備業,ESVUFR,
5468, 凱鈺,股票 ,TW0005468003,2001/1/17,上櫃,半導體業,ESVUFR,
5474, 聰泰,股票 ,TW0005474001,2001/3/20,上櫃,電腦及週邊設備業,ESVUFR,
5475, 德宏,股票 ,TW0005475008,2001/1/16,上櫃,電子零組件業,ESVUFR,
5478, 智冠,股票 ,TW0005478002,2001/3/29,上櫃,資訊服務業,ESVUFR,
5480, 統盟,股票 ,TW0005480008,2001/4/10,上櫃,電子零組件業,ESVUFR,
5481, 華韡,股票 ,TW0005481006,2001/4/27,上櫃,電子零組件業,ESVUFR,
5483, 中美晶,股票 ,TW0005483002,2001/3/2,上櫃,半導體業,ESVUFR,
5487, 通泰,股票 ,TW0005487003,2001/2/20,上櫃,半導體業,ESVUFR,
5488, 松普,股票 ,TW0005488001,2001/3/12,上櫃,電子零組件業,ESVUFR,
5489, 彩富,股票 ,TW0005489009,2001/3/12,上櫃,其他電子業,ESVUFR,
5490, 同亨,股票 ,TW0005490007,2001/5/14,上櫃,電腦及週邊設備業,ESVUFR,
5493, 三聯,股票 ,TW0005493001,2001/5/3,上櫃,其他電子業,ESVUFR,
5498, 凱崴,股票 ,TW0005498000,2001/3/29,上櫃,電子零組件業,ESVUFR,
5508, 永信建,股票 ,TW0005508006,1998/5/13,上櫃,建材營造業,ESVUFR,
5511, 德昌,股票 ,TW0005511000,1998/12/9,上櫃,建材營造業,ESVUFR,
5512, 力麒,股票 ,TW0005512008,1998/12/4,上櫃,建材營造業,ESVUFR,
5514, 三豐,股票 ,TW0005514004,1998/12/29,上櫃,建材營造業,ESVUFR,
5516, 雙喜,股票 ,TW0005516009,1999/3/23,上櫃,建材營造業,ESVUFR,
5520, 力泰,股票 ,TW0005520001,1999/10/27,上櫃,建材營造業,ESVUFR,
5523, 豐謙,股票 ,TW0005523005,1999/12/27,上櫃,建材營造業,ESVUFR,
5529, 志嘉,股票 ,TW0005529002,1996/1/12,上櫃,建材營造業,ESVUFR,
5530, 龍巖,股票 ,TW0005530000,2000/10/4,上櫃,其他業,ESVUFR,
5536, 聖暉,股票 ,TW0005536007,2010/11/10,上櫃,其他電子業,ESVUFR,
5543, 崇佑-KY,股票 ,KYG1676E1035,2016/5/9,上櫃,建材營造業,ESVUFR,
5601, 台聯櫃,股票 ,TW0005601009,1994/11/24,上櫃,航運業,ESVUFR,
5603, 陸海,股票 ,TW0005603005,1997/1/25,上櫃,航運業,ESVUFR,
5604, 中連貨,股票 ,TW0005604003,1997/5/22,上櫃,航運業,ESVUFR,
5609, 中菲行,股票 ,TW0005609002,2001/10/15,上櫃,航運業,ESVUFR,
5701, 劍湖山,股票 ,TW0005701007,1998/3/12,上櫃,觀光事業,ESVUFR,
5703, 亞都,股票 ,TW0005703003,1999/6/15,上櫃,觀光事業,ESVUFR,
5704, 老爺知,股票 ,TW0005704001,1999/12/21,上櫃,觀光事業,ESVUFR,
5820, 日盛金,股票 ,TW0005820005,2002/2/5,上櫃,金融保險業,ESVUFR,
5878, 台名,股票 ,TW0005878003,2014/10/28,上櫃,金融保險業,ESVUFR,
5902, 德記,股票 ,TW0005902001,1998/2/7,上櫃,貿易百貨業,ESVUFR,
5903, 全家,股票 ,TW0005903009,2002/2/25,上櫃,貿易百貨業,ESVUFR,
5904, 寶雅,股票 ,TW0005904007,2002/9/6,上櫃,貿易百貨業,ESVUFR,
5905, 南仁湖,股票 ,TW0005905004,2003/6/17,上櫃,貿易百貨業,ESVUFR,
6015, 宏遠證,股票 ,TW0006015001,1996/7/25,上櫃,金融保險業,ESVUFR,
6016, 康和證,股票 ,TW0006016009,1996/12/4,上櫃,金融保險業,ESVUFR,
6020, 大展證,股票 ,TW0006020001,2003/1/23,上櫃,金融保險業,ESVUFR,
6021, 大慶證,股票 ,TW0006021009,2003/4/21,上櫃,金融保險業,ESVUFR,
6023, 元大期,股票 ,TW0006023005,2007/11/28,上櫃,金融保險業,ESVUFR,
6026, 福邦證,股票 ,TW0006026008,2016/1/27,上櫃,金融保險業,ESVUFR,
6101, 寬魚國際,股票 ,TW0006101009,2001/3/29,上櫃,電子零組件業,ESVUFR,
6103, 合邦,股票 ,TW0006103005,2001/5/7,上櫃,半導體業,ESVUFR,
6104, 創惟,股票 ,TW0006104003,2001/5/22,上櫃,半導體業,ESVUFR,
6107, 華美,股票 ,TW0006107006,2001/6/13,上櫃,電子通路業,ESVUFR,
6109, 亞元,股票 ,TW0006109002,2001/7/26,上櫃,通信網路業,ESVUFR,
6111, 大宇資,股票 ,TW0006111008,2001/8/8,上櫃,資訊服務業,ESVUFR,
6113, 亞矽,股票 ,TW0006113004,2001/8/10,上櫃,電子通路業,ESVUFR,
6114, 久威,股票 ,TW0006114002,2001/9/27,上櫃,電子零組件業,ESVUFR,
6118, 建達,股票 ,TW0006118003,2001/10/25,上櫃,電子通路業,ESVUFR,
6121, 新普,股票 ,TW0006121007,2001/11/27,上櫃,電腦及週邊設備業,ESVUFR,
6122, 擎邦,股票 ,TW0006122005,2000/7/14,上櫃,電機機械,ESVUFR,
6123, 上奇,股票 ,TW0006123003,2002/1/23,上櫃,電腦及週邊設備業,ESVUFR,
6124, 業強,股票 ,TW0006124001,2002/3/19,上櫃,電子零組件業,ESVUFR,
6125, 廣運,股票 ,TW0006125008,2002/1/23,上櫃,光電業,ESVUFR,
6126, 信音,股票 ,TW0006126006,2002/1/18,上櫃,電子零組件業,ESVUFR,
6127, 九豪,股票 ,TW0006127004,2002/1/10,上櫃,電子零組件業,ESVUFR,
6129, 普誠,股票 ,TW0006129000,2001/12/25,上櫃,半導體業,ESVUFR,
6130, 星寶國際,股票 ,TW0006130008,2002/3/26,上櫃,生技醫療業,ESVUFR,
6134, 萬旭,股票 ,TW0006134000,2002/1/8,上櫃,電子零組件業,ESVUFR,
6138, 茂達,股票 ,TW0006138001,2002/1/18,上櫃,半導體業,ESVUFR,
6140, 訊達,股票 ,TW0006140007,2002/2/4,上櫃,資訊服務業,ESVUFR,
6143, 振曜,股票 ,TW0006143001,2002/1/28,上櫃,通信網路業,ESVUFR,
6144, 得利影,股票 ,TW0006144009,2002/1/23,上櫃,其他電子業,ESVUFR,
6146, 耕興,股票 ,TW0006146004,2002/1/23,上櫃,其他電子業,ESVUFR,
6147, 頎邦,股票 ,TW0006147002,2002/1/31,上櫃,半導體業,ESVUFR,
6148, 驊宏資,股票 ,TW0006148000,2002/2/1,上櫃,資訊服務業,ESVUFR,
6150, 撼訊,股票 ,TW0006150006,2002/3/11,上櫃,電腦及週邊設備業,ESVUFR,
6151, 晉倫,股票 ,TW0006151004,2002/2/25,上櫃,其他電子業,ESVUFR,
6154, 順發,股票 ,TW0006154008,2002/2/18,上櫃,電子通路業,ESVUFR,
6156, 松上,股票 ,TW0006156003,2002/2/19,上櫃,電子零組件業,ESVUFR,
6158, 禾昌,股票 ,TW0006158009,2002/2/19,上櫃,電子零組件業,ESVUFR,
6160, 欣技,股票 ,TW0006160005,2002/3/1,上櫃,電腦及週邊設備業,ESVUFR,
6161, 捷波,股票 ,TW0006161003,2002/3/1,上櫃,電腦及週邊設備業,ESVUFR,
6163, 華電網,股票 ,TW0006163009,2002/3/19,上櫃,通信網路業,ESVUFR,
6167, 久正,股票 ,TW0006167000,2002/3/26,上櫃,光電業,ESVUFR,
6169, 昱泉,股票 ,TW0006169006,2002/3/22,上櫃,資訊服務業,ESVUFR,
6170, 統振,股票 ,TW0006170004,2002/4/16,上櫃,通信網路業,ESVUFR,
6171, 亞銳士,股票 ,TW0006171002,2002/4/22,上櫃,建材營造業,ESVUFR,
6173, 信昌電,股票 ,TW0006173008,2002/4/19,上櫃,電子零組件業,ESVUFR,
6174, 安,股票 ,TW0006174006,2002/5/2,上櫃,電子零組件業,ESVUFR,
6175, 立敦,股票 ,TW0006175003,2002/6/10,上櫃,電子零組件業,ESVUFR,
6179, 亞通,股票 ,TW0006179005,2002/5/17,上櫃,其他業,ESVUFR,
6180, 橘子,股票 ,TW0006180003,2002/5/21,上櫃,資訊服務業,ESVUFR,
6182, 合晶,股票 ,TW0006182009,2002/5/16,上櫃,半導體業,ESVUFR,
6185, 幃翔,股票 ,TW0006185002,2002/8/9,上櫃,電子零組件業,ESVUFR,
6186, 新潤,股票 ,TW0006186000,2002/8/2,上櫃,建材營造業,ESVUFR,
6187, 萬潤,股票 ,TW0006187008,2002/9/27,上櫃,其他電子業,ESVUFR,
6188, 廣明,股票 ,TW0006188006,2002/8/27,上櫃,電腦及週邊設備業,ESVUFR,
6190, 萬泰科,股票 ,TW0006190002,1998/2/4,上櫃,通信網路業,ESVUFR,
6194, 育富,股票 ,TW0006194004,2002/12/5,上櫃,電子零組件業,ESVUFR,
6195, 詩肯,股票 ,TW0006195001,2002/10/21,上櫃,貿易百貨業,ESVUFR,
6198, 凌泰,股票 ,TW0006198005,2002/12/26,上櫃,半導體業,ESVUFR,
6199, 天品,股票 ,TW0006199003,2016/10/7,上櫃,其他業,ESVUFR,
6203, 海韻電,股票 ,TW0006203003,2002/12/26,上櫃,電子零組件業,ESVUFR,
6204, 艾華,股票 ,TW0006204001,2002/11/13,上櫃,電子零組件業,ESVUFR,
6207, 雷科,股票 ,TW0006207004,2002/12/23,上櫃,電子零組件業,ESVUFR,
6208, 日揚,股票 ,TW0006208002,2002/12/23,上櫃,電子零組件業,ESVUFR,
6210, 慶生,股票 ,TW0006210008,2003/2/14,上櫃,電子零組件業,ESVUFR,
6212, 理銘,股票 ,TW0006212004,2002/12/26,上櫃,建材營造業,ESVUFR,
6217, 中探針,股票 ,TW0006217003,2003/1/9,上櫃,電子零組件業,ESVUFR,
6218, 豪勉,股票 ,TW0006218001,2003/1/14,上櫃,通信網路業,ESVUFR,
6219, 富旺,股票 ,TW0006219009,2003/2/26,上櫃,建材營造業,ESVUFR,
6220, 岳豐,股票 ,TW0006220007,2003/1/9,上櫃,電子零組件業,ESVUFR,
6221, 晉泰,股票 ,TW0006221005,2003/1/6,上櫃,資訊服務業,ESVUFR,
6222, 上揚,股票 ,TW0006222003,2003/1/9,上櫃,電腦及週邊設備業,ESVUFR,
6223, 旺矽,股票 ,TW0006223001,2003/1/6,上櫃,半導體業,ESVUFR,
6227, 茂綸,股票 ,TW0006227002,2003/1/14,上櫃,電子通路業,ESVUFR,
6228, 全譜,股票 ,TW0006228000,2003/1/21,上櫃,電腦及週邊設備業,ESVUFR,
6229, 研通,股票 ,TW0006229008,2003/1/14,上櫃,半導體業,ESVUFR,
6231, 系微,股票 ,TW0006231004,2003/1/23,上櫃,資訊服務業,ESVUFR,
6233, 旺玖,股票 ,TW0006233000,2003/2/20,上櫃,半導體業,ESVUFR,
6234, 高僑,股票 ,TW0006234008,2003/3/12,上櫃,光電業,ESVUFR,
6236, 康呈,股票 ,TW0006236003,2003/3/31,上櫃,其他業,ESVUFR,
6237, 驊訊,股票 ,TW0006237001,2003/4/21,上櫃,半導體業,ESVUFR,
6238, 勝麗,股票 ,TW0006238009,2003/3/31,上櫃,其他電子業,ESVUFR,
6240, 松崗,股票 ,TW0006240005,2003/5/30,上櫃,資訊服務業,ESVUFR,
6241, 易通展,股票 ,TW0006241003,2003/4/8,上櫃,通信網路業,ESVUFR,
6242, 立康,股票 ,TW0006242001,2003/4/23,上櫃,生技醫療業,ESVUFR,
6244, 茂迪,股票 ,TW0006244007,2003/5/15,上櫃,光電業,ESVUFR,
6245, 立端,股票 ,TW0006245004,2003/5/19,上櫃,通信網路業,ESVUFR,
6246, 臺龍,股票 ,TW0006246002,2003/6/18,上櫃,光電業,ESVUFR,
6247, 淇譽電,股票 ,TW0006247000,2003/7/4,上櫃,其他電子業,ESVUFR,
6248, 沛波,股票 ,TW0006248008,2003/9/3,上櫃,鋼鐵工業,ESVUFR,
6259, 百徽,股票 ,TW0006259005,2003/9/17,上櫃,電子零組件業,ESVUFR,
6261, 久元,股票 ,TW0006261001,2004/3/29,上櫃,半導體業,ESVUFR,
6263, 普萊德,股票 ,TW0006263007,2003/9/17,上櫃,通信網路業,ESVUFR,
6264, 富裔,股票 ,TW0006264005,2004/2/24,上櫃,建材營造業,ESVUFR,
6265, 方土昶,股票 ,TW0006265002,2003/10/24,上櫃,電子通路業,ESVUFR,
6266, 泰詠,股票 ,TW0006266000,2004/4/29,上櫃,電子零組件業,ESVUFR,
6270, 倍微,股票 ,TW0006270002,2003/9/17,上櫃,電子通路業,ESVUFR,
6274, 台燿,股票 ,TW0006274004,2003/12/18,上櫃,電子零組件業,ESVUFR,
6275, 元山,股票 ,TW0006275001,2004/12/23,上櫃,其他電子業,ESVUFR,
6276, 安鈦克,股票 ,TW0006276009,2003/10/30,上櫃,電腦及週邊設備業,ESVUFR,
6279, 胡連,股票 ,TW0006279003,2003/11/26,上櫃,電子零組件業,ESVUFR,
6284, 佳邦,股票 ,TW0006284003,2004/6/29,上櫃,電子零組件業,ESVUFR,
6287, 元隆,股票 ,TW0006287006,2003/10/2,上櫃,半導體業,ESVUFR,
6290, 良維,股票 ,TW0006290000,2005/6/3,上櫃,電子零組件業,ESVUFR,
6291, 沛亨,股票 ,TW0006291008,2004/1/28,上櫃,半導體業,ESVUFR,
6292, 迅德,股票 ,TW0006292006,2003/11/26,上櫃,電子零組件業,ESVUFR,
6294, 智基,股票 ,TW0006294002,2004/1/13,上櫃,其他業,ESVUFR,
6298, 崴強,股票 ,TW0006298003,2006/3/15,上櫃,電腦及週邊設備業,ESVUFR,
6404, 通訊-KY,股票 ,KYG211281061,2014/7/23,上櫃,資訊服務業,ESVUFR,
6411, 晶焱,股票 ,TW0006411002,2014/3/11,上櫃,半導體業,ESVUFR,
6417, 韋僑,股票 ,TW0006417009,2015/10/8,上櫃,通信網路業,ESVUFR,
6419, 京晨科,股票 ,TW0006419005,2014/12/29,上櫃,光電業,ESVUFR,
6426, 統新,股票 ,TW0006426000,2014/12/17,上櫃,通信網路業,ESVUFR,
6432, 今展科,股票 ,TW0006432008,2015/5/20,上櫃,電子零組件業,ESVUFR,
6435, 大中,股票 ,TW0006435001,2016/1/7,上櫃,半導體業,ESVUFR,
6438, 迅得,股票 ,TW0006438005,2017/4/25,上櫃,其他電子業,ESVUFR,
6441, 廣錠,股票 ,TW0006441009,2017/9/27,上櫃,電腦及週邊設備業,ESVUFR,
6446, 藥華藥,股票 ,TW0006446008,2016/7/19,上櫃,生技醫療業,ESVUFR,
6457, 紘康,股票 ,TW0006457005,2015/6/12,上櫃,半導體業,ESVUFR,
6462, 神盾,股票 ,TW0006462005,2015/12/23,上櫃,半導體業,ESVUFR,
6465, 威潤,股票 ,TW0006465008,2015/11/20,上櫃,通信網路業,ESVUFR,
6469, 大樹,股票 ,TW0006469000,2016/3/30,上櫃,生技醫療業,ESVUFR,
6470, 宇智,股票 ,TW0006470008,2015/11/3,上櫃,通信網路業,ESVUFR,
6472, 保瑞,股票 ,TW0006472004,2017/4/19,上櫃,生技醫療業,ESVUFR,
6482, 弘煜科,股票 ,TW0006482003,2016/6/13,上櫃,文化創意業,ESVUFR,
6485, 點序,股票 ,TW0006485006,2015/11/17,上櫃,半導體業,ESVUFR,
6486, 互動,股票 ,TW0006486004,2016/9/13,上櫃,通信網路業,ESVUFR,
6488, 環球晶,股票 ,TW0006488000,2015/9/25,上櫃,半導體業,ESVUFR,
6492, 生華科,股票 ,TW0006492002,2017/4/24,上櫃,生技醫療業,ESVUFR,
6494, 九齊,股票 ,TW0006494008,2016/5/9,上櫃,半導體業,ESVUFR,
6496, 科懋,股票 ,TW0006496003,2016/1/7,上櫃,生技醫療業,ESVUFR,
6497,  亞獅康-KY,股票 ,KYG054241099,2017/6/1,上櫃,生技醫療業,ESVUFR,
6499, 益安,股票 ,TW0006499007,2016/7/27,上櫃,生技醫療業,ESVUFR,
6506, 雙邦,股票 ,TW0006506009,2011/5/3,上櫃,化學工業,ESVUFR,
6508, 惠光,股票 ,TW0006508005,2004/3/22,上櫃,塑膠工業,ESVUFR,
6509, 聚和,股票 ,TW0006509003,2004/4/12,上櫃,化學工業,ESVUFR,
6510, 精測,股票 ,TW0006510001,2016/3/24,上櫃,半導體業,ESVUFR,
6512, 啟發電,股票 ,TW0006512007,2016/3/25,上櫃,其他電子業,ESVUFR,
6514, 芮特-KY,股票 ,KYG734231080,2015/12/2,上櫃,通信網路業,ESVUFR,
6523, 達爾膚,股票 ,TW0006523004,2016/6/16,上櫃,生技醫療業,ESVUFR,
6530, 創威,股票 ,TW0006530009,2018/1/23,上櫃,通信網路業,ESVUFR,
6532, 瑞耘,股票 ,TW0006532005,2016/9/26,上櫃,半導體業,ESVUFR,
6535, 順藥,股票 ,TW0006535008,2016/9/26,上櫃,生技醫療業,ESVUFR,
6538, 倉和,股票 ,TW0006538002,2016/10/21,上櫃,電子零組件業,ESVUFR,
6542, 隆中,股票 ,TW0006542004,2016/9/8,上櫃,文化創意業,ESVUFR,
6548, 長華科,股票 ,TW0006548001,2016/9/13,上櫃,光電業,ESVUFR,
6554, 中美冠科-KY,股票 ,KYG2568J1013,2016/12/12,上櫃,生技醫療業,ESVUFR,
6556, 勝品,股票 ,TW0006556004,2017/10/31,上櫃,光電業,ESVUFR,
6560, 欣普羅,股票 ,TW0006560006,2017/1/24,上櫃,光電業,ESVUFR,
6568, 宏觀,股票 ,TW0006568009,2016/12/28,上櫃,半導體業,ESVUFR,
6569, 醫揚,股票 ,TW0006569007,2016/12/21,上櫃,生技醫療業,ESVUFR,
6570, 維田,股票 ,TW0006570005,2017/12/11,上櫃,電腦及週邊設備業,ESVUFR,
6574, 霈方,股票 ,TW0006574007,2017/9/4,上櫃,生技醫療業,ESVUFR,
6577, 勁豐,股票 ,TW0006577000,2017/3/21,上櫃,電腦及週邊設備業,ESVUFR,
6593, 台灣銘板,股票 ,TW0006593007,2017/11/3,上櫃,資訊服務業,ESVUFR,
6594, 展匯科,股票 ,TW0006594005,2017/4/28,上櫃,半導體業,ESVUFR,
6596, 寬宏藝術,股票 ,TW0006596000,2018/1/4,上櫃,文化創意業,ESVUFR,
6603, 富強鑫,股票 ,TW0006603004,2004/4/5,上櫃,電機機械,ESVUFR,
6609, 瀧澤科,股票 ,TW0006609001,2003/9/23,上櫃,電機機械,ESVUFR,
6613, 朋億,股票 ,TW0006613003,2017/12/28,上櫃,其他電子業,ESVUFR,
6615, 慧智,股票 ,TW0006615008,2018/1/22,上櫃,生技醫療業,ESVUFR,
6616, 特昇-KY,股票 ,KYG870931030,2018/1/10,上櫃,其他業,ESVUFR,
6803, 崑鼎,股票 ,TW0006803000,2010/5/27,上櫃,其他業,ESVUFR,
7402, 邑錡,股票 ,TW0007402000,2015/12/29,上櫃,光電業,ESVUFR,
8024, 佑華,股票 ,TW0008024001,2006/9/25,上櫃,半導體業,ESVUFR,
8027, 鈦昇,股票 ,TW0008027004,2015/6/9,上櫃,電機機械,ESVUFR,
8032, 光菱,股票 ,TW0008032004,2003/10/2,上櫃,電子通路業,ESVUFR,
8034, 榮群,股票 ,TW0008034000,2004/5/6,上櫃,通信網路業,ESVUFR,
8038, 長園科,股票 ,TW0008038001,2013/11/21,上櫃,電子零組件業,ESVUFR,
8040, 九暘,股票 ,TW0008040007,2007/4/30,上櫃,半導體業,ESVUFR,
8042, 金山電,股票 ,TW0008042003,2004/3/22,上櫃,電子零組件業,ESVUFR,
8043, 蜜望實,股票 ,TW0008043001,2003/10/24,上櫃,電子零組件業,ESVUFR,
8044, 網家,股票 ,TW0008044009,2005/1/24,上櫃,資訊服務業,ESVUFR,
8047, 星雲,股票 ,TW0008047002,2004/2/9,上櫃,其他電子業,ESVUFR,
8048, 德勝,股票 ,TW0008048000,2009/9/8,上櫃,通信網路業,ESVUFR,
8049, 晶采,股票 ,TW0008049008,2004/2/2,上櫃,光電業,ESVUFR,
8050, 廣積,股票 ,TW0008050006,2003/10/24,上櫃,電腦及週邊設備業,ESVUFR,
8054, 安國,股票 ,TW0008054008,2004/11/8,上櫃,半導體業,ESVUFR,
8059, 凱碩,股票 ,TW0008059007,2010/3/16,上櫃,通信網路業,ESVUFR,
8064, 東捷,股票 ,TW0008064007,2006/9/25,上櫃,光電業,ESVUFR,
8066, 來思達,股票 ,TW0008066002,2004/12/24,上櫃,貿易百貨業,ESVUFR,
8067, 志旭,股票 ,TW0008067000,2004/4/23,上櫃,電子通路業,ESVUFR,
8068, 全達,股票 ,TW0008068008,2004/3/25,上櫃,電子通路業,ESVUFR,
8069, 元太,股票 ,TW0008069006,2004/3/30,上櫃,光電業,ESVUFR,
8071, 能率網通,股票 ,TW0008071002,2003/12/29,上櫃,電子零組件業,ESVUFR,
8074, 鉅橡,股票 ,TW0008074006,2004/1/27,上櫃,電子零組件業,ESVUFR,
8076, 伍豐,股票 ,TW0008076001,2003/12/15,上櫃,電腦及週邊設備業,ESVUFR,
8077, 洛,股票 ,TW0008077009,2004/12/6,上櫃,觀光事業,ESVUFR,
8080, 奧斯特,股票 ,TW0008080003,2004/5/10,上櫃,電子零組件業,ESVUFR,
8083, 瑞穎,股票 ,TW0008083007,2004/9/23,上櫃,電機機械,ESVUFR,
8084, 巨虹,股票 ,TW0008084005,2004/3/8,上櫃,電子通路業,ESVUFR,
8085, 福華,股票 ,TW0008085002,2004/3/1,上櫃,其他電子業,ESVUFR,
8086, 宏捷科,股票 ,TW0008086000,2009/6/1,上櫃,半導體業,ESVUFR,
8087, 華鎂鑫,股票 ,TW0008087008,2004/2/25,上櫃,光電業,ESVUFR,
8088, 品安,股票 ,TW0008088006,2004/2/27,上櫃,半導體業,ESVUFR,
8091, 翔名,股票 ,TW0008091000,2004/6/24,上櫃,電子零組件業,ESVUFR,
8092, 建暐,股票 ,TW0008092008,2004/2/2,上櫃,其他電子業,ESVUFR,
8093, 保銳,股票 ,TW0008093006,2004/12/31,上櫃,電子零組件業,ESVUFR,
8096, 擎亞,股票 ,TW0008096009,2004/7/15,上櫃,電子通路業,ESVUFR,
8097, 常珵,股票 ,TW0008097007,2004/3/1,上櫃,通信網路業,ESVUFR,
8099, 大世科,股票 ,TW0008099003,2004/3/29,上櫃,資訊服務業,ESVUFR,
8107, 大億金茂,股票 ,TW0008107004,2005/11/15,上櫃,電機機械,ESVUFR,
8109, 博大,股票 ,TW0008109000,2005/3/22,上櫃,電子零組件業,ESVUFR,
8111, 立,股票 ,TW0008111006,2004/2/9,上櫃,光電業,ESVUFR,
8121, 越峰,股票 ,TW0008121005,2005/2/17,上櫃,電子零組件業,ESVUFR,
8147, 正淩,股票 ,TW0008147000,2013/4/30,上櫃,電子零組件業,ESVUFR,
8155, 博智,股票 ,TW0008155003,2012/12/18,上櫃,電子零組件業,ESVUFR,
8171, 天宇,股票 ,TW0008171000,2011/12/19,上櫃,通信網路業,ESVUFR,
8176, 智捷,股票 ,TW0008176009,2013/6/25,上櫃,通信網路業,ESVUFR,
8182, 加高,股票 ,TW0008182007,2006/5/25,上櫃,電子零組件業,ESVUFR,
8183, 精星,股票 ,TW0008183005,2005/3/30,上櫃,其他電子業,ESVUFR,
8234, 新漢,股票 ,TW0008234006,2007/6/7,上櫃,電腦及週邊設備業,ESVUFR,
8240, 華宏,股票 ,TW0008240003,2005/6/23,上櫃,光電業,ESVUFR,
8255, 朋程,股票 ,TW0008255001,2006/4/25,上櫃,電機機械,ESVUFR,
8277, 商丞,股票 ,TW0008277005,2004/12/27,上櫃,半導體業,ESVUFR,
8279, 生展,股票 ,TW0008279001,2016/9/26,上櫃,生技醫療業,ESVUFR,
8287, 英格爾,股票 ,TW0008287004,2005/1/3,上櫃,電子零組件業,ESVUFR,
8289, 泰藝,股票 ,TW0008289000,2008/4/24,上櫃,電子零組件業,ESVUFR,
8291, 尚茂,股票 ,TW0008291006,2011/11/29,上櫃,電子零組件業,ESVUFR,
8299, 群聯,股票 ,TW0008299009,2004/12/6,上櫃,電腦及週邊設備業,ESVUFR,
8342, 益張,股票 ,TW0008342007,2017/11/23,上櫃,其他業,ESVUFR,
8349, 矬,股票 ,TW0008349002,2006/3/10,上櫃,鋼鐵工業,ESVUFR,
8354, 冠好,股票 ,TW0008354002,2004/4/15,上櫃,塑膠工業,ESVUFR,
8358, 金居,股票 ,TW0008358003,2010/9/27,上櫃,電子零組件業,ESVUFR,
8383, 千附,股票 ,TW0008383001,2004/9/10,上櫃,其他電子業,ESVUFR,
8390, 金益鼎,股票 ,TW0008390006,2008/5/21,上櫃,其他業,ESVUFR,
8401, 白紗科,股票 ,TW0008401001,2010/3/29,上櫃,其他業,ESVUFR,
8403, 盛弘,股票 ,TW0008403007,2011/3/1,上櫃,生技醫療業,ESVUFR,
8406, 金可-KY,股票 ,KYG390101064,2012/4/27,上櫃,生技醫療業,ESVUFR,
8409, 商之器,股票 ,TW0008409004,2013/11/25,上櫃,生技醫療業,ESVUFR,
8410, 森田,股票 ,TW0008410002,2011/2/23,上櫃,電腦及週邊設備業,ESVUFR,
8415, 大國鋼,股票 ,TW0008415001,2016/9/7,上櫃,鋼鐵工業,ESVUFR,
8416, 實威,股票 ,TW0008416009,2012/9/19,上櫃,資訊服務業,ESVUFR,
8418, 捷必勝-KY,股票 ,KYG520981039,2011/12/6,上櫃,其他業,ESVUFR,
8420, 明揚,股票 ,TW0008420001,2014/11/10,上櫃,其他業,ESVUFR,
8421, 旭源,股票 ,TW0008421009,2012/11/23,上櫃,其他業,ESVUFR,
8423, 保綠-KY,股票 ,KYG715991074,2012/3/14,上櫃,其他業,ESVUFR,
8424, 惠普,股票 ,TW0008424003,2012/12/18,上櫃,建材營造業,ESVUFR,
8426, 紅木-KY,股票 ,KYG7457N1051,2011/12/13,上櫃,其他業,ESVUFR,
8431, 匯鑽科,股票 ,TW0008431008,2015/3/30,上櫃,其他電子業,ESVUFR,
8432, 東生華,股票 ,TW0008432006,2012/4/30,上櫃,生技醫療業,ESVUFR,
8433, 弘帆,股票 ,TW0008433004,2012/12/19,上櫃,貿易百貨業,ESVUFR,
8435, 鉅邁,股票 ,TW0008435009,2012/12/28,上櫃,其他業,ESVUFR,
8436, 大江,股票 ,TW0008436007,2013/9/12,上櫃,生技醫療業,ESVUFR,
8437, 大地-KY,股票 ,KYG2615N1051,2015/5/6,上櫃,其他業,ESVUFR,
8444, 綠河-KY,股票 ,KYG409691006,2015/10/27,上櫃,其他業,ESVUFR,
8446, 華研,股票 ,TW0008446006,2013/12/19,上櫃,其他業,ESVUFR,
8450, 霹靂,股票 ,TW0008450008,2014/10/7,上櫃,文化創意業,ESVUFR,
8455, 大拓-KY,股票 ,KYG264101034,2016/1/8,上櫃,其他電子業,ESVUFR,
8462, 柏文,股票 ,TW0008462003,2016/3/10,上櫃,觀光事業,ESVUFR,
8472, 夠麻吉,股票 ,TW0008472002,2016/1/11,上櫃,資訊服務業,ESVUFR,
8476, 台境,股票 ,TW0008476003,2017/3/28,上櫃,其他業,ESVUFR,
8477, 創業家,股票 ,TW0008477001,2016/10/31,上櫃,資訊服務業,ESVUFR,
8489, 三貝德,股票 ,TW0008489006,2017/4/27,上櫃,文化創意業,ESVUFR,
8905, 裕國,股票 ,TW0008905001,1996/1/31,上櫃,其他業,ESVUFR,
8906, 花王,股票 ,TW0008906009,1996/4/23,上櫃,其他業,ESVUFR,
8908, 欣雄,股票 ,TW0008908005,1997/2/14,上櫃,油電燃氣業,ESVUFR,
8913, 全銓,股票 ,TW0008913005,1998/6/10,上櫃,其他業,ESVUFR,
8916, 光隆,股票 ,TW0008916008,1999/4/20,上櫃,其他業,ESVUFR,
8917, 欣泰,股票 ,TW0008917006,1999/5/6,上櫃,油電燃氣業,ESVUFR,
8921, 沈氏,股票 ,TW0008921008,2000/3/21,上櫃,其他業,ESVUFR,
8923, 時報,股票 ,TW0008923004,1999/12/27,上櫃,其他業,ESVUFR,
8924, 大田,股票 ,TW0008924002,2000/2/9,上櫃,其他業,ESVUFR,
8927, 北基,股票 ,TW0008927005,2000/11/2,上櫃,油電燃氣業,ESVUFR,
8928, 鉅明,股票 ,TW0008928003,2001/2/2,上櫃,其他業,ESVUFR,
8929, 富堡,股票 ,TW0008929001,2000/11/30,上櫃,其他業,ESVUFR,
8930, 青鋼,股票 ,TW0008930009,2000/12/6,上櫃,鋼鐵工業,ESVUFR,
8931, 大汽電,股票 ,TW0008931007,2001/5/10,上櫃,油電燃氣業,ESVUFR,
8932, 宏大,股票 ,TW0008932005,2001/3/29,上櫃,其他業,ESVUFR,
8933, 愛地雅,股票 ,TW0008933003,2001/3/28,上櫃,其他業,ESVUFR,
8934, 衡平,股票 ,TW0008934001,2001/9/3,上櫃,其他業,ESVUFR,
8935, 邦泰,股票 ,TW0008935008,2002/3/26,上櫃,其他業,ESVUFR,
8936, 國統,股票 ,TW0008936006,2002/9/9,上櫃,其他業,ESVUFR,
8937, 合騏,股票 ,TW0008937004,2002/10/29,上櫃,其他業,ESVUFR,
8938, 明安,股票 ,TW0008938002,2002/12/2,上櫃,其他業,ESVUFR,
8941, 關中,股票 ,TW0008941006,2003/1/20,上櫃,貿易百貨業,ESVUFR,
8942, 森鉅,股票 ,TW0008942004,2003/5/16,上櫃,其他業,ESVUFR,
9949, 琉園,股票 ,TW0009949008,2003/11/21,上櫃,其他業,ESVUFR,
9950, 萬國通,股票 ,TW0009950006,2004/2/17,上櫃,塑膠工業,ESVUFR,
9951, 皇田,股票 ,TW0009951004,2003/12/18,上櫃,電機機械,ESVUFR,
9960, 邁達康,股票 ,TW0009960005,2004/12/6,上櫃,貿易百貨業,ESVUFR,
9962, 有益,股票 ,TW0009962001,2006/7/10,上櫃,鋼鐵工業,ESVUFR,
911613, 特藝-DR,臺灣存託憑證 ,TW0009116137,2011/2/25,上櫃,,EDSDDR,
01014S, 93中信貸a,受益證券-資產基礎證券 ,TW00001014S3,2004/8/10,上櫃,,DAVUBR,
01015S, 93中信貸b,受益證券-資產基礎證券 ,TW00001015S0,2004/8/10,上櫃,,DAVUBR,
01016S, 93中信貸c,受益證券-資產基礎證券 ,TW00001016S8,2004/8/10,上櫃,,DAVUBR,
01017S, 93中信貸d,受益證券-資產基礎證券 ,TW00001017S6,2004/8/10,上櫃,,DAVUBR,
01102S, 971標準B,受益證券-資產基礎證券 ,TW00001102S6,2008/1/9,上櫃,,DAVUGR,
01103S, 991中租賃A,受益證券-資產基礎證券 ,TW00001103S4,2010/8/13,上櫃,,DAFUBR,
01104S, 991中租賃B,受益證券-資產基礎證券 ,TW00001104S2,2010/8/13,上櫃,,DAFUBR,
01106S, 001中租賃B,受益證券-資產基礎證券 ,TW00001106S7,2011/11/24,上櫃,,DAFUBR,
01107S, 031中租賃A,受益證券-資產基礎證券 ,TW00001107S5,2014/7/24,上櫃,,DAFUBR,
01108S, 031中租賃B,受益證券-資產基礎證券 ,TW00001108S3,2014/7/24,上櫃,,DAFUBR,
01109S, 051中租賃A,受益證券-資產基礎證券 ,TW00001109S1,2016/8/24,上櫃,,DAFUBR,
01110S, 051中租賃B,受益證券-資產基礎證券 ,TW00001110S9,2016/8/24,上櫃,,DAFUBR,
